401\,AL\,Town_name401\,Е\,28000
402\,AL\,Town_name402\,Е\,28000
403\,AL\,Town_name403\,Е\,28000
404\,AL\,Town_name404\,Е\,28000
405\,AL\,Town_name405\,Е\,28000
406\,AL\,Town_name406\,Е\,28000
407\,AL\,Town_name407\,Е\,28000
408\,AL\,Town_name408\,Е\,28000
409\,AL\,Town_name409\,Е\,28000
410\,AL\,Town_name410\,Е\,28000
411\,AL\,Town_name411\,Е\,28000
412\,AL\,Town_name412\,Е\,28000
413\,AL\,Town_name413\,Е\,28000
414\,AL\,Town_name414\,Е\,28000
415\,AL\,Town_name415\,Е\,28000
416\,AL\,Town_name416\,Е\,28000
417\,AL\,Town_name417\,Е\,28000
418\,AL\,Town_name418\,Е\,28000
419\,AL\,Town_name419\,Е\,28000
420\,AL\,Town_name420\,Е\,28000
421\,AL\,Town_name421\,Е\,28000
422\,AL\,Town_name422\,Е\,28000
423\,AL\,Town_name423\,Е\,28000
424\,AL\,Town_name424\,Е\,28000
425\,AL\,Town_name425\,Е\,28000
426\,AL\,Town_name426\,Е\,28000
427\,AL\,Town_name427\,Е\,28000
428\,AL\,Town_name428\,Е\,28000
429\,AL\,Town_name429\,Е\,28000
430\,AL\,Town_name430\,Е\,28000
431\,AL\,Town_name431\,Е\,28000
432\,AL\,Town_name432\,Е\,28000
433\,AL\,Town_name433\,Е\,28000
434\,AL\,Town_name434\,Е\,28000
435\,AL\,Town_name435\,Е\,28000
436\,AL\,Town_name436\,Е\,28000
437\,AL\,Town_name437\,Е\,28000
438\,AL\,Town_name438\,Е\,28000
439\,AL\,Town_name439\,Е\,28000
440\,AL\,Town_name440\,Е\,28000
441\,AL\,Town_name441\,Е\,28000
442\,AL\,Town_name442\,Е\,28000
443\,AL\,Town_name443\,Е\,28000
444\,AL\,Town_name444\,Е\,28000
445\,AL\,Town_name445\,Е\,28000
446\,AL\,Town_name446\,Е\,28000
447\,AL\,Town_name447\,Е\,28000
448\,AL\,Town_name448\,Е\,28000
449\,AL\,Town_name449\,Е\,28000
450\,AL\,Town_name450\,Е\,28000
451\,AL\,Town_name451\,Е\,28000
452\,AL\,Town_name452\,Е\,28000
453\,AL\,Town_name453\,Е\,28000
454\,AL\,Town_name454\,Е\,28000
455\,AL\,Town_name455\,Е\,28000
456\,AL\,Town_name456\,Е\,28000
457\,AL\,Town_name457\,Е\,28000
458\,AL\,Town_name458\,Е\,28000
459\,AL\,Town_name459\,Е\,28000
460\,AL\,Town_name460\,Е\,28000
461\,AL\,Town_name461\,Е\,28000
462\,AL\,Town_name462\,Е\,28000
463\,AL\,Town_name463\,Е\,28000
464\,AL\,Town_name464\,Е\,28000
465\,AL\,Town_name465\,Е\,28000
466\,AL\,Town_name466\,Е\,28000
467\,AL\,Town_name467\,Е\,28000
468\,AL\,Town_name468\,Е\,28000
469\,AL\,Town_name469\,Е\,28000
470\,AL\,Town_name470\,Е\,28000
471\,AL\,Town_name471\,Е\,28000
472\,AL\,Town_name472\,Е\,28000
473\,AL\,Town_name473\,Е\,28000
474\,AL\,Town_name474\,Е\,28000
475\,AL\,Town_name475\,Е\,28000
476\,AL\,Town_name476\,Е\,28000
477\,AL\,Town_name477\,Е\,28000
478\,AL\,Town_name478\,Е\,28000
479\,AL\,Town_name479\,Е\,28000
480\,AL\,Town_name480\,Е\,28000
481\,AL\,Town_name481\,Е\,28000
482\,AL\,Town_name482\,Е\,28000
483\,AL\,Town_name483\,Е\,28000
484\,AL\,Town_name484\,Е\,28000
485\,AL\,Town_name485\,Е\,28000
486\,AL\,Town_name486\,Е\,28000
487\,AL\,Town_name487\,Е\,28000
488\,AL\,Town_name488\,Е\,28000
489\,AL\,Town_name489\,Е\,28000
490\,AL\,Town_name490\,Е\,28000
491\,AL\,Town_name491\,Е\,28000
492\,AL\,Town_name492\,Е\,28000
493\,AL\,Town_name493\,Е\,28000
494\,AL\,Town_name494\,Е\,28000
495\,AL\,Town_name495\,Е\,28000
496\,AL\,Town_name496\,Е\,28000
497\,AL\,Town_name497\,Е\,28000
498\,AL\,Town_name498\,Е\,28000
499\,AL\,Town_name499\,Е\,28000
500\,AL\,Town_name500\,Е\,28000
