101\,US\,Town_name101\,СА\,1093333
102\,US\,Town_name102\,СА\,1093333
103\,US\,Town_name103\,СА\,1093333
104\,US\,Town_name104\,СА\,1093333
105\,US\,Town_name105\,СА\,1093333
106\,US\,Town_name106\,СА\,1093333
107\,US\,Town_name107\,СА\,1093333
108\,US\,Town_name108\,СА\,1093333
109\,US\,Town_name109\,СА\,1093333
110\,US\,Town_name110\,СА\,1093333
111\,US\,Town_name111\,СА\,1093333
112\,US\,Town_name112\,СА\,1093333
113\,US\,Town_name113\,СА\,1093333
114\,US\,Town_name114\,СА\,1093333
115\,US\,Town_name115\,СА\,1093333
116\,US\,Town_name116\,СА\,1093333
117\,US\,Town_name117\,СА\,1093333
118\,US\,Town_name118\,СА\,1093333
119\,US\,Town_name119\,СА\,1093333
120\,US\,Town_name120\,СА\,1093333
121\,US\,Town_name121\,СА\,1093333
122\,US\,Town_name122\,СА\,1093333
123\,US\,Town_name123\,СА\,1093333
124\,US\,Town_name124\,СА\,1093333
125\,US\,Town_name125\,СА\,1093333
126\,US\,Town_name126\,СА\,1093333
127\,US\,Town_name127\,СА\,1093333
128\,US\,Town_name128\,СА\,1093333
129\,US\,Town_name129\,СА\,1093333
130\,US\,Town_name130\,СА\,1093333
131\,US\,Town_name131\,СА\,1093333
132\,US\,Town_name132\,СА\,1093333
133\,US\,Town_name133\,СА\,1093333
134\,US\,Town_name134\,СА\,1093333
135\,US\,Town_name135\,СА\,1093333
136\,US\,Town_name136\,СА\,1093333
137\,US\,Town_name137\,СА\,1093333
138\,US\,Town_name138\,СА\,1093333
139\,US\,Town_name139\,СА\,1093333
140\,US\,Town_name140\,СА\,1093333
141\,US\,Town_name141\,СА\,1093333
142\,US\,Town_name142\,СА\,1093333
143\,US\,Town_name143\,СА\,1093333
144\,US\,Town_name144\,СА\,1093333
145\,US\,Town_name145\,СА\,1093333
146\,US\,Town_name146\,СА\,1093333
147\,US\,Town_name147\,СА\,1093333
148\,US\,Town_name148\,СА\,1093333
149\,US\,Town_name149\,СА\,1093333
150\,US\,Town_name150\,СА\,1093333
151\,US\,Town_name151\,СА\,1093333
152\,US\,Town_name152\,СА\,1093333
153\,US\,Town_name153\,СА\,1093333
154\,US\,Town_name154\,СА\,1093333
155\,US\,Town_name155\,СА\,1093333
156\,US\,Town_name156\,СА\,1093333
157\,US\,Town_name157\,СА\,1093333
158\,US\,Town_name158\,СА\,1093333
159\,US\,Town_name159\,СА\,1093333
160\,US\,Town_name160\,СА\,1093333
161\,US\,Town_name161\,СА\,1093333
162\,US\,Town_name162\,СА\,1093333
163\,US\,Town_name163\,СА\,1093333
164\,US\,Town_name164\,СА\,1093333
165\,US\,Town_name165\,СА\,1093333
166\,US\,Town_name166\,СА\,1093333
167\,US\,Town_name167\,СА\,1093333
168\,US\,Town_name168\,СА\,1093333
169\,US\,Town_name169\,СА\,1093333
170\,US\,Town_name170\,СА\,1093333
171\,US\,Town_name171\,СА\,1093333
172\,US\,Town_name172\,СА\,1093333
173\,US\,Town_name173\,СА\,1093333
174\,US\,Town_name174\,СА\,1093333
175\,US\,Town_name175\,СА\,1093333
176\,US\,Town_name176\,СА\,1093333
177\,US\,Town_name177\,СА\,1093333
178\,US\,Town_name178\,СА\,1093333
179\,US\,Town_name179\,СА\,1093333
180\,US\,Town_name180\,СА\,1093333
181\,US\,Town_name181\,СА\,1093333
182\,US\,Town_name182\,СА\,1093333
183\,US\,Town_name183\,СА\,1093333
184\,US\,Town_name184\,СА\,1093333
185\,US\,Town_name185\,СА\,1093333
186\,US\,Town_name186\,СА\,1093333
187\,US\,Town_name187\,СА\,1093333
188\,US\,Town_name188\,СА\,1093333
189\,US\,Town_name189\,СА\,1093333
190\,US\,Town_name190\,СА\,1093333
191\,US\,Town_name191\,СА\,1093333
192\,US\,Town_name192\,СА\,1093333
193\,US\,Town_name193\,СА\,1093333
194\,US\,Town_name194\,СА\,1093333
195\,US\,Town_name195\,СА\,1093333
196\,US\,Town_name196\,СА\,1093333
197\,US\,Town_name197\,СА\,1093333
198\,US\,Town_name198\,СА\,1093333
199\,US\,Town_name199\,СА\,1093333
200\,US\,Town_name200\,СА\,1093333
201\,US\,Town_name201\,СА\,1093333
202\,US\,Town_name202\,СА\,1093333
203\,US\,Town_name203\,СА\,1093333
204\,US\,Town_name204\,СА\,1093333
205\,US\,Town_name205\,СА\,1093333
206\,US\,Town_name206\,СА\,1093333
207\,US\,Town_name207\,СА\,1093333
208\,US\,Town_name208\,СА\,1093333
209\,US\,Town_name209\,СА\,1093333
210\,US\,Town_name210\,СА\,1093333
211\,US\,Town_name211\,СА\,1093333
212\,US\,Town_name212\,СА\,1093333
213\,US\,Town_name213\,СА\,1093333
214\,US\,Town_name214\,СА\,1093333
215\,US\,Town_name215\,СА\,1093333
216\,US\,Town_name216\,СА\,1093333
217\,US\,Town_name217\,СА\,1093333
218\,US\,Town_name218\,СА\,1093333
219\,US\,Town_name219\,СА\,1093333
220\,US\,Town_name220\,СА\,1093333
221\,US\,Town_name221\,СА\,1093333
222\,US\,Town_name222\,СА\,1093333
223\,US\,Town_name223\,СА\,1093333
224\,US\,Town_name224\,СА\,1093333
225\,US\,Town_name225\,СА\,1093333
226\,US\,Town_name226\,СА\,1093333
227\,US\,Town_name227\,СА\,1093333
228\,US\,Town_name228\,СА\,1093333
229\,US\,Town_name229\,СА\,1093333
230\,US\,Town_name230\,СА\,1093333
231\,US\,Town_name231\,СА\,1093333
232\,US\,Town_name232\,СА\,1093333
233\,US\,Town_name233\,СА\,1093333
234\,US\,Town_name234\,СА\,1093333
235\,US\,Town_name235\,СА\,1093333
236\,US\,Town_name236\,СА\,1093333
237\,US\,Town_name237\,СА\,1093333
238\,US\,Town_name238\,СА\,1093333
239\,US\,Town_name239\,СА\,1093333
240\,US\,Town_name240\,СА\,1093333
241\,US\,Town_name241\,СА\,1093333
242\,US\,Town_name242\,СА\,1093333
243\,US\,Town_name243\,СА\,1093333
244\,US\,Town_name244\,СА\,1093333
245\,US\,Town_name245\,СА\,1093333
246\,US\,Town_name246\,СА\,1093333
247\,US\,Town_name247\,СА\,1093333
248\,US\,Town_name248\,СА\,1093333
249\,US\,Town_name249\,СА\,1093333
250\,US\,Town_name250\,СА\,1093333
251\,US\,Town_name251\,СА\,1093333
252\,US\,Town_name252\,СА\,1093333
253\,US\,Town_name253\,СА\,1093333
254\,US\,Town_name254\,СА\,1093333
255\,US\,Town_name255\,СА\,1093333
256\,US\,Town_name256\,СА\,1093333
257\,US\,Town_name257\,СА\,1093333
258\,US\,Town_name258\,СА\,1093333
259\,US\,Town_name259\,СА\,1093333
260\,US\,Town_name260\,СА\,1093333
261\,US\,Town_name261\,СА\,1093333
262\,US\,Town_name262\,СА\,1093333
263\,US\,Town_name263\,СА\,1093333
264\,US\,Town_name264\,СА\,1093333
265\,US\,Town_name265\,СА\,1093333
266\,US\,Town_name266\,СА\,1093333
267\,US\,Town_name267\,СА\,1093333
268\,US\,Town_name268\,СА\,1093333
269\,US\,Town_name269\,СА\,1093333
270\,US\,Town_name270\,СА\,1093333
271\,US\,Town_name271\,СА\,1093333
272\,US\,Town_name272\,СА\,1093333
273\,US\,Town_name273\,СА\,1093333
274\,US\,Town_name274\,СА\,1093333
275\,US\,Town_name275\,СА\,1093333
276\,US\,Town_name276\,СА\,1093333
277\,US\,Town_name277\,СА\,1093333
278\,US\,Town_name278\,СА\,1093333
279\,US\,Town_name279\,СА\,1093333
280\,US\,Town_name280\,СА\,1093333
281\,US\,Town_name281\,СА\,1093333
282\,US\,Town_name282\,СА\,1093333
283\,US\,Town_name283\,СА\,1093333
284\,US\,Town_name284\,СА\,1093333
285\,US\,Town_name285\,СА\,1093333
286\,US\,Town_name286\,СА\,1093333
287\,US\,Town_name287\,СА\,1093333
288\,US\,Town_name288\,СА\,1093333
289\,US\,Town_name289\,СА\,1093333
290\,US\,Town_name290\,СА\,1093333
291\,US\,Town_name291\,СА\,1093333
292\,US\,Town_name292\,СА\,1093333
293\,US\,Town_name293\,СА\,1093333
294\,US\,Town_name294\,СА\,1093333
295\,US\,Town_name295\,СА\,1093333
296\,US\,Town_name296\,СА\,1093333
297\,US\,Town_name297\,СА\,1093333
298\,US\,Town_name298\,СА\,1093333
299\,US\,Town_name299\,СА\,1093333
300\,US\,Town_name300\,СА\,1093333
301\,US\,Town_name301\,СА\,1093333
302\,US\,Town_name302\,СА\,1093333
303\,US\,Town_name303\,СА\,1093333
304\,US\,Town_name304\,СА\,1093333
305\,US\,Town_name305\,СА\,1093333
306\,US\,Town_name306\,СА\,1093333
307\,US\,Town_name307\,СА\,1093333
308\,US\,Town_name308\,СА\,1093333
309\,US\,Town_name309\,СА\,1093333
310\,US\,Town_name310\,СА\,1093333
311\,US\,Town_name311\,СА\,1093333
312\,US\,Town_name312\,СА\,1093333
313\,US\,Town_name313\,СА\,1093333
314\,US\,Town_name314\,СА\,1093333
315\,US\,Town_name315\,СА\,1093333
316\,US\,Town_name316\,СА\,1093333
317\,US\,Town_name317\,СА\,1093333
318\,US\,Town_name318\,СА\,1093333
319\,US\,Town_name319\,СА\,1093333
320\,US\,Town_name320\,СА\,1093333
321\,US\,Town_name321\,СА\,1093333
322\,US\,Town_name322\,СА\,1093333
323\,US\,Town_name323\,СА\,1093333
324\,US\,Town_name324\,СА\,1093333
325\,US\,Town_name325\,СА\,1093333
326\,US\,Town_name326\,СА\,1093333
327\,US\,Town_name327\,СА\,1093333
328\,US\,Town_name328\,СА\,1093333
329\,US\,Town_name329\,СА\,1093333
330\,US\,Town_name330\,СА\,1093333
331\,US\,Town_name331\,СА\,1093333
332\,US\,Town_name332\,СА\,1093333
333\,US\,Town_name333\,СА\,1093333
334\,US\,Town_name334\,СА\,1093333
335\,US\,Town_name335\,СА\,1093333
336\,US\,Town_name336\,СА\,1093333
337\,US\,Town_name337\,СА\,1093333
338\,US\,Town_name338\,СА\,1093333
339\,US\,Town_name339\,СА\,1093333
340\,US\,Town_name340\,СА\,1093333
341\,US\,Town_name341\,СА\,1093333
342\,US\,Town_name342\,СА\,1093333
343\,US\,Town_name343\,СА\,1093333
344\,US\,Town_name344\,СА\,1093333
345\,US\,Town_name345\,СА\,1093333
346\,US\,Town_name346\,СА\,1093333
347\,US\,Town_name347\,СА\,1093333
348\,US\,Town_name348\,СА\,1093333
349\,US\,Town_name349\,СА\,1093333
350\,US\,Town_name350\,СА\,1093333
351\,US\,Town_name351\,СА\,1093333
352\,US\,Town_name352\,СА\,1093333
353\,US\,Town_name353\,СА\,1093333
354\,US\,Town_name354\,СА\,1093333
355\,US\,Town_name355\,СА\,1093333
356\,US\,Town_name356\,СА\,1093333
357\,US\,Town_name357\,СА\,1093333
358\,US\,Town_name358\,СА\,1093333
359\,US\,Town_name359\,СА\,1093333
360\,US\,Town_name360\,СА\,1093333
361\,US\,Town_name361\,СА\,1093333
362\,US\,Town_name362\,СА\,1093333
363\,US\,Town_name363\,СА\,1093333
364\,US\,Town_name364\,СА\,1093333
365\,US\,Town_name365\,СА\,1093333
366\,US\,Town_name366\,СА\,1093333
367\,US\,Town_name367\,СА\,1093333
368\,US\,Town_name368\,СА\,1093333
369\,US\,Town_name369\,СА\,1093333
370\,US\,Town_name370\,СА\,1093333
371\,US\,Town_name371\,СА\,1093333
372\,US\,Town_name372\,СА\,1093333
373\,US\,Town_name373\,СА\,1093333
374\,US\,Town_name374\,СА\,1093333
375\,US\,Town_name375\,СА\,1093333
376\,US\,Town_name376\,СА\,1093333
377\,US\,Town_name377\,СА\,1093333
378\,US\,Town_name378\,СА\,1093333
379\,US\,Town_name379\,СА\,1093333
380\,US\,Town_name380\,СА\,1093333
381\,US\,Town_name381\,СА\,1093333
382\,US\,Town_name382\,СА\,1093333
383\,US\,Town_name383\,СА\,1093333
384\,US\,Town_name384\,СА\,1093333
385\,US\,Town_name385\,СА\,1093333
386\,US\,Town_name386\,СА\,1093333
387\,US\,Town_name387\,СА\,1093333
388\,US\,Town_name388\,СА\,1093333
389\,US\,Town_name389\,СА\,1093333
390\,US\,Town_name390\,СА\,1093333
391\,US\,Town_name391\,СА\,1093333
392\,US\,Town_name392\,СА\,1093333
393\,US\,Town_name393\,СА\,1093333
394\,US\,Town_name394\,СА\,1093333
395\,US\,Town_name395\,СА\,1093333
396\,US\,Town_name396\,СА\,1093333
397\,US\,Town_name397\,СА\,1093333
398\,US\,Town_name398\,СА\,1093333
399\,US\,Town_name399\,СА\,1093333
400\,US\,Town_name400\,СА\,1093333
